GA Name,Problem Name,Mean,Std Dev,Min,Max,Experiment 1,Experiment 2,Experiment 3,Experiment 4,Experiment 5,Experiment 6,Experiment 7,Experiment 8,Experiment 9,Experiment 10,Experiment 11,Experiment 12,Experiment 13,Experiment 14,Experiment 15,Experiment 16,Experiment 17,Experiment 18,Experiment 19,Experiment 20
BinaryGA,Rastrigin (n=5),0.7059002630071708,0.7603353654938977,0.0014958548835579677,3.29917902895221,0.0023211402893252853,0.048197694697414306,1.4117292596792481,0.9955236334983155,0.6392033704510709,1.0530860825608173,1.0449141209769692,1.0027402246491022,0.2152074148324843,0.017662151114606672,0.22799370620883863,1.0219762903074638,0.03363788920379562,0.026646966108735626,0.9951994498184149,1.248901259422155,0.4354237651857247,3.29917902895221,0.0014958548835579677,0.3969659573031663
