GA Name,Problem Name,Mean,Std Dev,Min,Max,Experiment 1,Experiment 2,Experiment 3,Experiment 4,Experiment 5,Experiment 6,Experiment 7,Experiment 8,Experiment 9,Experiment 10,Experiment 11,Experiment 12,Experiment 13,Experiment 14,Experiment 15,Experiment 16,Experiment 17,Experiment 18,Experiment 19,Experiment 20
BinaryGA,Function A,7.119284200013316,9.367756880602343,0.09233017300625032,40.72117480900624,3.9363419203097605,4.717670624704812,22.503105177551358,1.5954694416,8.643886244100006,2.4599191092120103,1.2252011043225601,0.09233017300625032,4.531001054095359,0.24121336269056104,5.957801392099995,2.8320968767728143,3.2835914856769604,2.973251511506251,15.835450870684157,2.6222832480328098,4.9209506289062475,40.72117480900624,2.9267934034881593,10.366151562499997
BinaryGA,Rastrigin (n=2),13.432263567750109,5.079119592057669,3.306248617480904,25.247226080609906,11.260986937447003,17.279643746448954,13.094125737455288,12.071914243323569,16.466446959959374,25.247226080609906,18.778099517467787,8.20279321197389,13.04279239267678,20.100802857906448,11.730109261337809,3.306248617480904,13.552082715819289,14.889705872539151,13.98877950831576,17.489232981278864,7.262691288315775,5.265971122187503,15.569046533340817,10.046571769117328
BinaryGA,Rastrigin (n=5),13.204845304276194,5.124739779236427,2.5088224524358047,21.699179108320337,16.22529491426472,2.5088224524358047,17.576274079874416,18.21893535687009,8.113758316200041,5.396755325236716,11.154966551697681,19.598958361753528,11.598233655871034,20.976247402140814,14.495299880914065,16.15894828501759,11.875493231661881,12.55206039120808,8.729944781472629,17.402910133236638,11.84869348133283,7.829995378677232,10.136134997337704,21.699179108320337
