GA Name,Problem Name,Mean,Std Dev,Min,Max,Experiment 1
BinaryGA,Function A,0.005657723667359987,0.0,0.005657723667359987,0.005657723667359987,0.005657723667359987
BinaryGA,Rastrigin (n=2),0.026326336182457055,0.0,0.026326336182457055,0.026326336182457055,0.026326336182457055
BinaryGA,Rastrigin (n=5),0.010862003570316858,0.0,0.010862003570316858,0.010862003570316858,0.010862003570316858
