GA Name,Problem Name,Mean,Std Dev,Min,Max,Experiment 1,Experiment 2,Experiment 3,Experiment 4,Experiment 5,Experiment 6,Experiment 7,Experiment 8,Experiment 9,Experiment 10,Experiment 11,Experiment 12,Experiment 13,Experiment 14,Experiment 15,Experiment 16,Experiment 17,Experiment 18,Experiment 19,Experiment 20
BinaryGA,Function A,16.57457092671251,25.41126504035386,0.07400808197920944,94.78239339554577,94.78239339554577,0.11206410153600825,0.2949997690265608,2.6092840980896024,1.02534015620401,11.39683697299201,37.83248793349441,3.1281630625,0.07400808197920944,4.915373360581611,18.164016348909616,61.082142905872,1.5598527971737621,9.166592506494403,2.354756063006247,4.166880503906251,2.79717786153216,6.762793461708959,10.14451760876641,59.12173754493122
BinaryGA,Rastrigin (n=2),18.46553881410542,7.7602924051962905,5.101001256263322,32.01793589702792,20.463222830384762,8.796192028981583,24.12026330783334,26.89283027419488,15.988231874355542,5.8580469011120435,5.101001256263322,15.543843615452646,8.52499514723123,24.585399172922447,13.415823032914172,16.62003265787885,21.026409520239767,32.01793589702792,29.55750160730821,28.505415156946896,14.283479457294295,14.013404519851818,19.737216768119165,24.259531255795665
BinaryGA,Rastrigin (n=5),17.04283638357135,6.668602105244757,6.949831068698231,29.02840217975548,21.27845014556621,14.016088403745538,26.680160896325603,27.933071206819328,29.02840217975548,13.473537679830207,19.818861241051856,10.077315271075241,17.009133018533646,9.364366596600616,16.90275302212993,6.949831068698231,13.8173340868474,7.0605827424963294,13.555959179010678,18.971338859606654,22.17219493697373,20.291089510862065,23.752943450571607,8.7033141749267
