GA Name,Problem Name,Mean,Std Dev,Min,Max,Experiment 1,Experiment 2,Experiment 3,Experiment 4,Experiment 5,Experiment 6,Experiment 7,Experiment 8,Experiment 9,Experiment 10,Experiment 11,Experiment 12,Experiment 13,Experiment 14,Experiment 15,Experiment 16,Experiment 17,Experiment 18,Experiment 19,Experiment 20
BinaryGA,Function A,54.8262358288129,84.84407923977611,0.6010258602625599,357.18680209669134,186.4084632594552,25.80939911100625,92.48373620312336,1.9300464505062505,122.42147656249999,9.697071352175215,1.4526675440999999,53.150975816406266,0.6010258602625599,13.520203691506252,4.140210466562561,2.943882805506249,5.4664879198144085,357.18680209669134,92.44974482346643,48.94863648418082,18.2999295616,3.1442191059832094,0.79482998281216,55.67490747859928
BinaryGA,Rastrigin (n=2),19.876694515921663,9.378259802580455,4.423109836800059,42.42243144971046,28.813061639084626,4.423109836800059,17.2057839847846,11.091975863248212,29.59245664688767,42.42243144971046,20.38866970303342,23.64650321533386,14.543014718471149,25.412038819398845,27.64491512642371,35.64740550202673,11.58728941560226,17.702546244502138,21.963967271518314,12.436341027324367,16.84016384391561,8.9234372103206,9.738787009974633,17.50999179007192
BinaryGA,Rastrigin (n=5),18.656799995614502,6.7398714890305635,3.9673158568246265,34.827806983786715,13.58416720921305,16.197864012615618,22.620126188105722,12.89720250585033,17.289611567521003,20.635756222572088,23.874416507601776,11.911030367879276,3.9673158568246265,11.354941459100143,20.723093910912034,18.952597813851437,17.737091729899525,17.19880461502535,15.230292330378697,25.70122230444893,34.827806983786715,25.93836663178345,14.781467301579022,27.71282439334131
