Function,Comparison,Statistic,P-Value
G1,GA vs DE,-6.458461020243135,1.0577309909764447e-10
G4,GA vs DE,-6.458461020243135,1.0577309909764447e-10
G5,GA vs DE,-6.445033866354896,1.1557460629092295e-10
G6,GA vs DE,-6.458461020243135,1.0577309909764447e-10
