Comparison,Statistic,P-Value
PSO vs GA,-6.150320974342046,7.732629697868795e-10
PSO vs DE,-6.046829996408406,1.477234870580106e-09
GA vs DE,1.5375802435855115,0.1241512810914928
